{"cameraMode":{"drawMode":0,"name":"Shaded","section":"Shading Mode"},"sceneLighting":false,"audioPlay":false,"sceneViewState":{"showFog":true,"showMaterialUpdate":false,"showSkybox":true,"showFlares":true,"showImageEffects":true,"showParticleSystems":true},"in2DMode":false,"pivot":{"x":-0.10188700258731842,"y":-0.030443549156188966,"z":-0.021958306431770326},"rotation":{"x":-0.10645700246095658,"y":0.822618842124939,"z":-0.16402244567871095,"w":-0.5339118242263794},"size":7.358497619628906,"orthographic":false}