{"cameraMode":{"drawMode":0,"name":"Shaded","section":"Shading Mode"},"sceneLighting":false,"audioPlay":false,"sceneViewState":{"showFog":true,"showMaterialUpdate":false,"showSkybox":true,"showFlares":true,"showImageEffects":true,"showParticleSystems":true},"in2DMode":false,"pivot":{"x":-0.16437262296676637,"y":0.02581035904586315,"z":-0.22071170806884767},"rotation":{"x":-0.10645700246095658,"y":0.822618842124939,"z":-0.16402244567871095,"w":-0.5339118242263794},"size":0.2857884168624878,"orthographic":false}