{"cameraMode":{"drawMode":0,"name":"Shaded","section":"Shading Mode"},"sceneLighting":false,"audioPlay":false,"sceneViewState":{"showFog":true,"showMaterialUpdate":false,"showSkybox":true,"showFlares":true,"showImageEffects":true,"showParticleSystems":true},"in2DMode":false,"pivot":{"x":1056.985107421875,"y":393.0179443359375,"z":42.356689453125},"rotation":{"x":-0.1538688689470291,"y":-0.014820740558207035,"z":0.002308207331225276,"w":-0.9879774451255798},"size":2879.828125,"orthographic":false}